{
  "gentamicin": {
    "samples": 263,
    "positive_rate": 0.29277566539923955,
    "mcc": 0.773115554682419,
    "roc_auc": 0.916013437849944
  },
  "ciprofloxacin": {
    "samples": 253,
    "positive_rate": 0.45454545454545453,
    "mcc": 0.8108374384236453,
    "roc_auc": 0.9635467980295566
  },
  "meropenem": {
    "samples": 226,
    "positive_rate": 0.2079646017699115,
    "mcc": 0.5346815442312336,
    "roc_auc": 0.8962962962962963
  }
}